{
  "roc_auc_macro": 0.8955463234748718,
  "roc_auc_weighted": 0.8946637967261366,
  "avg_precision_macro": 0.6320792853328132,
  "avg_precision_weighted": 0.7528848250889296,
  "accuracy": 0.7070798093261467,
  "per_class": {
    "Touching": {
      "roc_auc": 0.9187920864003615,
      "avg_precision": 0.5952115283637011,
      "precision": 0.5522790344800048,
      "recall": 0.68382280233363,
      "f1": 0.6110515910270712,
      "support": 40452
    },
    "Body Drilling": {
      "roc_auc": 0.9617164499533046,
      "avg_precision": 0.9590247575353025,
      "precision": 0.9411031092960984,
      "recall": 0.827376409506713,
      "f1": 0.8805830129965221,
      "support": 186058
    },
    "Break-through": {
      "roc_auc": 0.8603138857734884,
      "avg_precision": 0.3852155366716544,
      "precision": 0.4701165803108808,
      "recall": 0.5918816660686911,
      "f1": 0.5240185391068308,
      "support": 61318
    },
    "Free Falling": {
      "roc_auc": 0.9602751623811654,
      "avg_precision": 0.5065519108991882,
      "precision": 0.4565561245006836,
      "recall": 0.7955713351396805,
      "f1": 0.5801693154138348,
      "support": 21406
    },
    "others": {
      "roc_auc": 0.7766340328660394,
      "avg_precision": 0.71439269319422,
      "precision": 0.6746618777709187,
      "recall": 0.5564463123594049,
      "f1": 0.6098783469799816,
      "support": 108023
    }
  },
  "confusion_matrix": [
    [
      27662,
      1627,
      2074,
      493,
      8596
    ],
    [
      6610,
      153940,
      7593,
      7379,
      10536
    ],
    [
      6600,
      6195,
      36293,
      4529,
      7701
    ],
    [
      247,
      832,
      1144,
      17030,
      2153
    ],
    [
      8968,
      980,
      30096,
      7870,
      60109
    ]
  ],
  "dataset_info": {
    "num_series": 101,
    "total_samples": 417257,
    "num_classes": 5,
    "class_distribution": {
      "Touching": {
        "count": 40452,
        "percentage": 9.694744486012217
      },
      "Body Drilling": {
        "count": 186058,
        "percentage": 44.5907438341358
      },
      "Break-through": {
        "count": 61318,
        "percentage": 14.695499416426808
      },
      "Free Falling": {
        "count": 21406,
        "percentage": 5.1301715729154935
      },
      "others": {
        "count": 108023,
        "percentage": 25.888840690509685
      }
    },
    "model_parameters": {
      "total_parameters": 618821,
      "receptive_field": 125,
      "channels": [
        64,
        128,
        128,
        256,
        256
      ],
      "dilations": [
        1,
        2,
        4,
        8,
        16
      ],
      "kernel_size": 5,
      "dropout": 0.25
    },
    "data_info": {
      "train_path": "../Data/Option 2/Train",
      "test_path": "../Data/Option 2/Test",
      "chunk_length": 600,
      "stride": 2,
      "normalize": true
    }
  }
}