{
  "train_loss": [
    0.19763622392102767,
    0.06602456384745121,
    0.04836900497739166,
    0.04032079986030754,
    0.03273797709501872,
    0.025749259735748087,
    0.020561554486773527,
    0.016657028657107813,
    0.014088265089025907,
    0.01204543876759215,
    0.010506199461554084,
    0.009743089357211425,
    0.008855272543973981,
    0.008396205862029852,
    0.00806476824365852,
    0.007932028113485848
  ],
  "val_loss": [
    0.02970714317753273,
    0.028316831687536452,
    0.025549095328406785,
    0.02503292462050147,
    0.021605469207585243,
    0.02029821742533184,
    0.02131793515268833,
    0.025436720020041794,
    0.025065232246763318,
    0.024848341037661023,
    0.022260708837738667,
    0.02557297475801466,
    0.02276591249823536,
    0.022397379832455044,
    0.026295824852072488,
    0.025706178026734118
  ],
  "train_acc": [
    0.5785072098444192,
    0.6720293395821937,
    0.7120833764544124,
    0.7423052775272648,
    0.7767019643499559,
    0.8157165491309255,
    0.8463513037350247,
    0.8717732619741076,
    0.8886722526944514,
    0.9031003439830079,
    0.9137877309441792,
    0.9196994460789387,
    0.9263634269183952,
    0.9301852235150332,
    0.9332056210174603,
    0.9349248830802742
  ],
  "val_acc": [
    0.7595525301322402,
    0.7597161225784415,
    0.7869273654418582,
    0.7879512516469038,
    0.8152132435465769,
    0.834319401746938,
    0.8452326404137999,
    0.8263414336602742,
    0.8369422485726834,
    0.8390075879568634,
    0.8371493924754795,
    0.8268461181866978,
    0.8308012492070463,
    0.8555739764797736,
    0.8438651002781438,
    0.8402367881715708
  ],
  "lr": [
    0.0001,
    0.0001,
    0.0001,
    0.0001,
    0.0001,
    0.0001,
    0.0001,
    0.0001,
    0.0001,
    0.0001,
    0.0001,
    0.0001,
    9e-05,
    9e-05,
    9e-05,
    9e-05
  ],
  "best_val_loss": 0.02029821742533184
}