{
  "train_loss": [
    0.30897794024480085,
    0.14159472861339556,
    0.09502176448899992,
    0.0749011671202282,
    0.06592968573163498,
    0.05950444788163236,
    0.05407573822850541,
    0.04956188003597728,
    0.04609196072546431,
    0.043231438225688014,
    0.04101006197258971,
    0.039313266726319865,
    0.03796729596863397,
    0.03693455600994859,
    0.036165488845121205,
    0.03558653790947395,
    0.035132455018072585,
    0.0349200734682029,
    0.03489308891948207,
    0.035083681503434036,
    0.035353767828195444,
    0.03558829940137205,
    0.035846239307962206,
    0.03607912790135873,
    0.03604668489391502,
    0.036169269757736155,
    0.03624259372063981,
    0.036238817093165024,
    0.03620374040759128,
    0.03593054349007814,
    0.03597000516275039,
    0.035963111358126076,
    0.03573972061769386,
    0.03573460618495265,
    0.03560962354753779,
    0.035363244297711746,
    0.035325066857251196
  ],
  "val_loss": [
    0.04149666288544217,
    0.03808322058197249,
    0.03723028860447273,
    0.0367821825423528,
    0.037360353127479796,
    0.035444377093679376,
    0.03186496871381274,
    0.03136038083984102,
    0.030624441014003457,
    0.03018004102179677,
    0.029059697786039947,
    0.029511979096612236,
    0.030839328127007723,
    0.03054903412487841,
    0.02961195394702911,
    0.02907170549507201,
    0.028963740839605668,
    0.029380303146791884,
    0.030256596200935612,
    0.029350129084411525,
    0.03084139377460815,
    0.0312632210638926,
    0.03218768178528451,
    0.030937284959859594,
    0.0338181274925807,
    0.03223373526405474,
    0.03255058323352218,
    0.031018638455188246,
    0.03245555012728329,
    0.031297910236322356,
    0.0328702492471267,
    0.030845216550881526,
    0.032645635162393945,
    0.03234239532159538,
    0.03162782053954692,
    0.03470971939343683,
    0.03218017384858319
  ],
  "train_acc": [
    0.4926067677917572,
    0.5841728391411267,
    0.6209364419935245,
    0.6436373985422611,
    0.65945885509839,
    0.6747042263585604,
    0.6905102578886934,
    0.7058222204152437,
    0.7190489461208277,
    0.7312105195720418,
    0.7410875136139407,
    0.748958847706205,
    0.7559052962541335,
    0.7617541408556208,
    0.7665431678962334,
    0.7708051444679351,
    0.7749114046629902,
    0.7773796429081842,
    0.7792859642119684,
    0.7802493876806773,
    0.7803077243404939,
    0.7808906350872524,
    0.7803111863471272,
    0.780421268301818,
    0.7813020101815028,
    0.781031690297018,
    0.7807363971476022,
    0.7812921046536269,
    0.781328252438189,
    0.7825525337946057,
    0.7819444649782916,
    0.7819587195749986,
    0.7828401513919484,
    0.7823678770137544,
    0.7831083152224801,
    0.7845180788204044,
    0.7841200959012798
  ],
  "val_acc": [
    0.7304224613282584,
    0.7472884643536818,
    0.7666978968428244,
    0.7633260137607963,
    0.7526762797052652,
    0.748274654760162,
    0.7724698677597228,
    0.7693558776167472,
    0.7578238910847607,
    0.7638594886058654,
    0.7793011028155956,
    0.7735787829990729,
    0.7705351827453276,
    0.779345142243693,
    0.7794313912067535,
    0.7847933440687064,
    0.7790121016932611,
    0.7995988874249744,
    0.7902572829746742,
    0.7955684868003708,
    0.7979456399746255,
    0.7854013565607768,
    0.7797639437856829,
    0.7880708046650076,
    0.7707414726979944,
    0.783938417996389,
    0.7706169179719904,
    0.7712931244815303,
    0.7794106524178988,
    0.7893747865124676,
    0.7846613477772898,
    0.7954652808275997,
    0.7757192699946324,
    0.8023501927487434,
    0.7880555555555555,
    0.764242180256673,
    0.7817312008978675
  ],
  "lr": [
    0.0001,
    0.0001,
    0.0001,
    0.0001,
    0.0001,
    0.0001,
    0.0001,
    0.0001,
    0.0001,
    0.0001,
    0.0001,
    0.0001,
    0.0001,
    0.0001,
    0.0001,
    0.0001,
    0.0001,
    0.0001,
    0.0001,
    0.0001,
    0.0001,
    0.0001,
    0.0001,
    9e-05,
    9e-05,
    9e-05,
    9e-05,
    9e-05,
    9e-05,
    8.1e-05,
    8.1e-05,
    8.1e-05,
    8.1e-05,
    8.1e-05,
    8.1e-05,
    7.290000000000001e-05,
    7.290000000000001e-05
  ],
  "best_val_loss": 0.028963740839605668
}