{
  "roc_auc_macro": 0.8920325768806542,
  "roc_auc_weighted": 0.8992864308918929,
  "avg_precision_macro": 0.630406290226077,
  "avg_precision_weighted": 0.7432141163850158,
  "accuracy": 0.6755404942277781,
  "per_class": {
    "Touching": {
      "roc_auc": 0.8989223505718563,
      "avg_precision": 0.5327601895780546,
      "precision": 0.3803412288117975,
      "recall": 0.6783842578858894,
      "f1": 0.48741152544781224,
      "support": 40452
    },
    "Body Drilling": {
      "roc_auc": 0.9517022500842849,
      "avg_precision": 0.9515457665217075,
      "precision": 0.9637411256302089,
      "recall": 0.75513549538316,
      "f1": 0.8467799531706258,
      "support": 186058
    },
    "Break-through": {
      "roc_auc": 0.8600829821753662,
      "avg_precision": 0.47812414557983945,
      "precision": 0.5373165152189109,
      "recall": 0.5515998564858606,
      "f1": 0.5443645083932853,
      "support": 61318
    },
    "Free Falling": {
      "roc_auc": 0.92269928789466,
      "avg_precision": 0.5345896046530285,
      "precision": 0.39400234627040764,
      "recall": 0.7531066056245912,
      "f1": 0.5173453996983409,
      "support": 21406
    },
    "others": {
      "roc_auc": 0.826756013677103,
      "avg_precision": 0.6550117447977549,
      "precision": 0.6703437149711389,
      "recall": 0.5923645890227082,
      "f1": 0.6289463337920189,
      "support": 108023
    }
  },
  "confusion_matrix": [
    [
      27442,
      570,
      1262,
      577,
      10601
    ],
    [
      11002,
      140499,
      8595,
      14426,
      11536
    ],
    [
      12094,
      3218,
      33823,
      5184,
      6999
    ],
    [
      639,
      718,
      1596,
      16121,
      2332
    ],
    [
      20974,
      780,
      17672,
      4608,
      63989
    ]
  ],
  "dataset_info": {
    "num_series": 101,
    "total_samples": 417257,
    "num_classes": 5,
    "class_distribution": {
      "Touching": {
        "count": 40452,
        "percentage": 9.694744486012217
      },
      "Body Drilling": {
        "count": 186058,
        "percentage": 44.5907438341358
      },
      "Break-through": {
        "count": 61318,
        "percentage": 14.695499416426808
      },
      "Free Falling": {
        "count": 21406,
        "percentage": 5.1301715729154935
      },
      "others": {
        "count": 108023,
        "percentage": 25.888840690509685
      }
    },
    "model_parameters": {
      "total_parameters": 208069,
      "receptive_field": 45,
      "channels": [
        64,
        128,
        256
      ],
      "dilations": [
        1,
        2,
        8
      ],
      "kernel_size": 5,
      "dropout": 0.25
    },
    "data_info": {
      "train_path": "../Data/Option 2/Train",
      "test_path": "../Data/Option 2/Test",
      "chunk_length": 600,
      "stride": 2,
      "normalize": true
    }
  }
}